"Layer_1","Layer_2","Error"
5,0,19.5843252529189
6,0,23.4771689094337
7,0,19.8996678524735
5,5,19.609736925117
6,6,19.6472103384014
7,7,20.7559284337078
