"Layer_1","Layer_2","Error"
5,0,19.429220302408
6,0,19.9107426262557
7,0,23.6269827130372
5,5,19.6945117932218
6,6,19.4031662903515
7,7,20.3157461775976
